bce;nom;division;forme;creation;dernier
0400296531;MEZ CRAFTS BELGIUM;13;014;01-01-1968;dernier exercice déposé clos le 2022-12-31
0400344734;IDEM PAPERS;17;014;29-06-1901;dernier exercice déposé clos le 2016-09-30
0400346912;Forges de Clabecq;24;014;11-10-1888;dernier exercice déposé clos le 1996-06-30
0400439853;RICHACIER;31;014;31-10-1941;dernier exercice déposé clos le 2021-06-30
0400686016;SA JACOBS NV;13;014;01-01-1968;dernier exercice déposé clos le 2019-06-30
0401194275;Etablissements Neuville et Fils;25;015;25-06-1959;dernier exercice déposé clos le 2022-06-30
0401409754;MEUSE ET SAMBRE;33;014;18-06-1906;dernier exercice déposé clos le 2020-12-31
0401446376;Transports Léon Dubois;49;015;01-01-1968;dernier exercice déposé clos le 2021-12-31
0401597222;Hullbridge Associated;16;014;15-02-1967;dernier exercice déposé clos le 2018-12-31
0401685908;Ultra - Rapide - Wagner frères;49;014;01-01-1968;dernier exercice déposé clos le 2003-12-31
0401707385;DAUBY;23;015;01-06-1939;dernier exercice déposé clos le 2018-03-31
0401757568;Delbart;31;014;31-03-1947;dernier exercice déposé clos le 2019-12-31
0401772713;MASQUELIER;18;014;02-08-1955;dernier exercice déposé clos le 2021-12-31
0401777661;CUISENAIRE ET FILS;23;015;01-01-1968;dernier exercice déposé clos le 2022-12-31
0401803395;STMO;49;610;24-08-1943;dernier exercice déposé clos le 2021-12-31
0401831804;La Caravelle, Société d'Editions;52;014;01-01-1968;dernier exercice déposé clos le 2021-12-31
0401843581;Dembla;18;015;01-01-1968;dernier exercice déposé clos le 2022-12-31
0401865555;Etablissements Henri Anno;25;015;16-03-1943;dernier exercice déposé clos le 2021-12-31
0401881292;HAMON RESEARCH-COTTRELL;25;014;16-10-1929;dernier exercice déposé clos le 2020-12-31
0402369262;CHARCUTERIE DE LIEGE;10;014;01-05-1963;dernier exercice déposé clos le 2020-12-31
0402567519;Etablissements Pirson frères;16;015;01-01-1968;dernier exercice déposé clos le 2022-12-31
0402960467;HAMON & CIE (International) - HAMON & CIE (Internationaal);28;014;01-01-1968;dernier exercice déposé clos le 2020-12-31
