bce;nom;division;commune;exercice;ebitda;bilan
0200362210;in BW Association Intercommunale;37;Nivelles;2025-12-31;37376405.3;576116610.37
0201400110;Association Intercommunale des Eaux du Condroz;36;Hamois;2025-12-31;1011025.76;29915822.36
0201400209;Société intercommunale BEP-Environnement;38;Namur;2025-12-31;7868066.96;80873250.08
0201543234;TIBI;38;Charleroi;2025-12-31;-47443556.78;151020494.34
0201712587;Association Intercommunale d'Electricité du Sud du Hainaut;35;Sivry-Rance;2025-12-31;5741456.13;80251224.18
0202395052;Compagnie Intercommunale Liégeoise des Eaux;36;Liège;2025-12-31;21216373.15;460098357.8
0202554608;Association Intercommunale des Eaux de la Molignée;36;Mettet;2025-12-31;832365.93;20245826.15
0202555004;Association Intercommunale d'Etudes et d'Exploitation d'Electricité et de Gaz;35;Andenne;2025-12-31;5312677.76;74131005.04
0202962701;VIVAQUA;36;Bruxelles;2025-12-31;131058980.18;1759637813.23
0203430576;SOCIÉTÉ NATIONALE DES CHEMINS DE FER BELGES;49;Saint-Gilles;2025-12-31;55376878.12;13089860911.11
0203963680;ASSOCIATION INTERCOMMUNALE POUR LE DEMERGEMENT ET L'EPURATION DES COMMUNES DE LA PROVINCE DE LIEGE;37;Saint-Nicolas;2025-12-31;25863162.35;454075788.58
0203989614;Intercommunale de Distribution d'Eau de Nandrin - Tinlot et Environs;36;Nandrin;2025-12-31;158440;2673125
0204359994;IDELUX Eau;37;Arlon;2025-12-31;7311243.94;115512257.55
0205620501;S.C. COMPAGNIE INTERCOMMUNALE DES EAUX DE LA SOURCE DE LES AVINS GROUPE DE CLAVIER;36;Clavier;2025-12-31;110094.24;2995948.08
0205797475;Association Intercommunale pour le développement économique durable de la Province de Luxembourg;52;Arlon;2025-12-31;2156962.65;253733008.2
0206048091;Skeyes;52;Bruxelles;2025-12-31;36312630.16;546703311.28
0214596464;bpost;53;Bruxelles;2025-12-31;161841206.35;4267183505.97
0216881904;Intercommunale de Gestion de l'Environnement;38;Tournai;2025-12-31;20358508.2;379702044.55
0218735790;Intercommunale namuroise de Services publics;36;Namur;2025-12-31;11030758;185829631
0219511295;ASSOCIATION INTERCOMMUNALE DE TRAITEMENT DES DECHETS LIEGEOIS;38;Herstal;2025-12-31;-168868.65;187406228.95
0219802592;Association intercommunale Bureau économique de la Province de Namur;38;Namur;2025-12-31;334172.01;37298622.92
0219808433;PUBLILEC;35;Seraing;2025-12-31;-600948;193939636
0222869673;SIBELGA;35;Bruxelles;2025-12-31;156350446.78;1515105469.87
0224771467;Vlaamse Maatschappij voor Watervoorziening;36;Schaerbeek;2025-12-31;134201632.08;2419838249.65
0229068864;INTERCOMMUNALE D'ETUDE ET DE GESTION;36;Mouscron;2025-12-31;4653183;190144731.61
0230132005;SOCIETE WALLONNE DES EAUX;36;Verviers;2025-12-31;148178840.38;2555871880.06
0237086311;CENTRE HOSPITALIER REGIONAL DE LA CITADELLE;52;Liège;2025-12-31;23857572;456916162
0239025519;INTERCOMMUNALE DES ABATTOIRS PUBLICS DES ARRONDISSEMENTS DE LIEGE ET DE WAREMME;10;Liège;2024-12-31;-325534;3112600
0242069339;OPERATEUR DE TRANSPORT DE WALLONIE;49;Namur;2025-12-31;44440408.19;1914492695.65
0243929462;SPAQuE;38;Liège;2025-12-31;1712469.72;479804934.28
0247499953;SOCIETE DES TRANSPORTS INTERCOMMUNAUX DE BRUXELLES;49;Bruxelles;2025-12-31;-15590344.15;3470831861.64
0249268719;LE PORT DE BRUXELLES;52;Bruxelles;2025-12-31;17749077.98;372168726.94
0260639790;SOCIETE D'ASSAINISSEMENT ET DE RENOVATION DES SITES INDUSTRIELS DU BRABANT WALLON;39;Ottignies-Louvain-la-Neuve;2025-12-31;175576.76;6301571.17
0400106291;ARCELORMITTAL BELGIUM;24;Bruxelles;2025-12-31;197893903.29;4546537385.03
0400116387;ELAIS IMMO;28;Andenne;2025-12-31;90700.74;13297036.8
0400311773;Niagara;28;Ixelles;2025-09-30;-1896.09;15845.17
0400338992;Nouvel Adem;27;Wavre;2025-12-31;86976.46;1660098.09
0400354731;FCA BELGIUM;29;Bruxelles;2024-12-31;9144538.43;136885565.4
0400355226;Vital Materials Belgium;20;Villers-la-Ville;2024-12-31;-1984823.34;16581822.86
0400357305;C.P. Bourg;28;Mont-Saint-Guibert;2026-03-31;3862012.02;26721006.64
0400358293;Twin Disc International;28;Nivelles;2025-06-30;2135073.41;54169301.63
0400359481;T.D. Williamson;33;Nivelles;2025-12-31;2751178.14;26033986.18
0400370072;Boulangerie-Pâtisserie des Trois Colonnes;10;La Hulpe;2025-12-31;266243.96;1021007.56
0400406496;VERVLOET;25;Molenbeek-Saint-Jean;2025-12-31;-92939.61;1755956.53
0400432133;Miroiterie du Nord - Fabrique de Miroirs;23;Bruxelles;2024-12-31;196033;940527
0400438863;Rauwers Contrôle;26;Bruxelles;2025-12-31;1961035.68;23583511.26
0400442526;SCHLEIPER;16;Etterbeek;2023-12-31;359886.6;11562594.09
0400456580;Usines Auriol;23;Braine-le-Château;2025-12-31;415199.69;1342134.2
0400462916;Carrières Unies de Porphyre;08;Lessines;2025-12-31;8386385.08;66977296.57
0400465290;Heidelberg Materials Benelux;23;Braine-l'Alleud;2025-12-31;82556538.42;1054840749.8
0400465488;CLE RAPIDE - SLEUTELCENTRALE;25;Bruxelles;2025-12-31;120396.37;894719.18
0400469646;Ateliers Crombez et Baeyens - Successeurs de Crombez et Trivier;28;Bruxelles;2025-12-31;657716;2423347
0400520522;RIVOLI;14;Lasne;2025-12-31;-11636.05;176032.42
0400540912;Corderie ED. Barrois et fils;13;Bruxelles;2025-12-31;135213.91;1182751.64
0400584264;Rose et Van Geluwe;14;Uccle;2026-01-31;175988.08;37011.16
0400586739;B'Linea;31;Ixelles;2025-12-31;8305.33;44733.78
0400593469;PALAIS DU CACHE-POUSSIERE VAN ASSCHE;14;Saint-Gilles;2025-12-31;96273.04;701008.69
0400599805;Compagnie de Joaillerie et Orfèvrerie Altenloh;32;Woluwe-Saint-Pierre;2025-12-31;-69284.08;882668.57
0400600003;American Supply Corporation Belgium;18;Berchem-Sainte-Agathe;2025-12-31;34472.57;113347
0400613364;M-R & C°;53;Anderlecht;2025-12-31;6163.3;8865.42
0400626826;PurpleStone;27;Saint-Gilles;2025-12-31;-40992.38;338128.64
0400703436;STOOP;24;Fleurus;2025-12-31;690216.73;31102411.99
0400705812;Industrie- en Handelsonderneming Triumf;32;Schaerbeek;2025-12-31;1645.45;56636.36
0400733724;Hocké;29;Berchem-Sainte-Agathe;2025-12-31;1384286.76;10248482.7
0400934553;Cintra;49;Ramillies;2025-12-31;248267.58;9554995.78
0401099453;RENDAC UDES;38;Ciney;2026-01-03;567448.35;9187994.5
0401108757;Transports Maurice Jeanmotte;49;Dour;2025-12-31;50280.75;992194.91
0401115388;NGK CERAMICS EUROPE SA;23;Saint-Ghislain;2026-03-31;13602985.23;296193458.1
0401117170;A.M.B.;25;Mons;2025-12-31;98546.48;36827479.17
0401124494;LABORATOIRE DE PROTHESE DENTAIRE @BARCODENT@;32;Mons;2025-12-31;170060.17;537107.74
0401126177;Etablissements Erbain;25;Quaregnon;2024-12-31;145823.31;664296.74
0401140431;Echelles Wallemacq;25;Flobecq;2025-12-31;11597.38;233323.1
0401150824;Société sartoise de Confection;14;Lessines;2025-12-31;117571.27;1560522.84
0401154683;International Moving and Storage Mory and Co;49;Soignies;2025-03-31;826835.85;386265.83
0401155574;Carrières et Terrassements;08;Mons;2025-12-31;1246231.69;11748561.97
0401155871;CARRIERES DU HAINAUT;08;Soignies;2025-12-31;9962608.88;62143612.71
0401157950;COMPAGNIE DE PARTICIPATIONS ET DE DEVELOPPEMENT INDUSTRIEL;09;Nivelles;2025-12-31;-7410.22;1341011.7
0401161415;OMYA;08;Auderghem;2025-12-31;-5789782.68;15156767.49
0401172501;Sobetra;33;Villers-la-Ville;2025-12-31;97757.34;733641.86
0401174479;Société Anonyme des Anciennes Usines Victor Fontaine;24;Binche;2025-12-31;-64565;8202506
0401176855;CARRIERES GAUTHIER & WINCQZ;08;Soignies;2025-12-31;-301233.49;20542070.84
0401177548;Etablissements Ghilain;25;Mons;2025-12-31;127159.57;258431.89
0401185664;Pol LAURENT S.R.L.;23;Saint-Ghislain;2025-12-31;1315702.28;11473395.54
0401186258;Usines et Carrières Ernest Lebailly;08;Saint-Ghislain;2025-12-31;165793.42;1010799.51
0401193978;Brasserie Mynsbrughen et de Silly;11;Silly;2025-12-31;606239.01;5220417.5
0401194176;Autobus Naway;49;Rebecq;2025-12-31;1587.81;1676533.06
0401196750;Pigments Minéraux, société anonyme des Produits Chimiques de Ladeuze;20;Chièvres;2025-12-31;-92356.53;546828.06
0401199621;Repamine;25;Estinnes;2025-12-31;274538.31;2680778.23
0401200215;Etablissements Roga;23;Soignies;2025-12-31;8758.56;88332.1
0401206450;BRIDGESTONE AIRCRAFT TIRE (EUROPE);22;Frameries;2025-12-31;9418127.97;112445603.53
0401207242;Les Transports Sonégiens;49;Soignies;2025-12-31;52895.06;229400.32
0401209717;ATELIERS VANDROOGENBROECK ET FRANCOIS;25;Lessines;2025-12-31;9969.42;492159.08
0401229117;Etablissements Debaes-Stelandre;49;Mouscron;2025-12-31;-15196.89;143603.29
0401231293;CARTONNAGES DELSAUX;17;Mouscron;2025-09-30;1486449.72;6190412.72
0401233471;BASTIEN GROUP;49;Lens (Hainaut);2025-12-31;136805.13;1533030.52
0401235550;Brasserie Dupont;11;Leuze-en-Hainaut;2025-12-31;1003382.29;13708098.12
0401237827;Feronyl;22;Mouscron;2025-12-31;905216.11;16466702.32
0401241884;GRIMONPREZ TRANSMISSION GEARS;28;Mouscron;2025-03-31;351084.32;6786317.17
0401244557;JAVANNE;13;Mouscron;2025-12-31;119006.3;1361630.92
0401245052;Klüber Lubrication Benelux;20;Mouscron;2025-12-31;4900386.55;21900423.36
0401246537;FONDATEL LECOMTE;24;Andenne;2025-12-31;-2235210.31;36445837.3
0401249408;ENTOMOBIO;10;Frasnes-lez-Anvaing;2025-12-31;-67670.57;37447.16
0401249606;TANNERIE MASURE;15;Estaimpuis;2025-12-31;5210112.48;17490653.35
0401250101;MENART;33;Dour;2025-12-31;1147211.16;7292148.76
0401251287;Gueret et Gevas;25;Leuze-en-Hainaut;2024-12-31;-17816.21;137308.69
0401251584;ANDRE VERNIER ET FILS;13;Mouscron;2025-12-31;158810.81;3064251.32
0401253267;Wapimmo;10;Frasnes-lez-Anvaing;2025-06-30;34163.69;575029.87
0401256237;ROSIER;20;Frasnes-lez-Anvaing;2025-12-31;-6659504.64;66768705.78
0401260987;Tecnolon Works;25;Mouscron;2025-12-31;295276.3;1784953.69
0401264452;ODIGO DM;18;Mouscron;2026-03-31;-884.35;15440942.87
0401265145;SA/NV VANDEPUTTE SAVONNERIE - ZEEPFABRIEK;20;Mouscron;2025-12-31;-400362.79;50268664.42
0401267224;Warcoing;10;Pecq;2026-03-31;978763.73;8454270.77
0401267620;ETABLISSEMENTS CHARLES WILLE et CIE;23;Mouscron;2025-09-30;343767.25;12134041.45
0401271875;OPSOMER ET DELMOTTE;16;Comines-Warneton;2025-12-31;2335.53;797338.07
0401273162;BRIQUETERIES DE PLOEGSTEERT;23;Comines-Warneton;2025-12-31;2782194;41003756
0401274647;Etablissements O. et R. Loridan;49;Comines-Warneton;2025-12-31;30382;328401
0401371053;ANDRE-ZINC;25;Namur;2025-12-31;581163.9;1566444.42
0401375013;Les Bétons de la Lomme;23;Rochefort;2025-12-31;5361587.17;24902495.06
0401377090;SOREX;25;Ottignies-Louvain-la-Neuve;2025-12-31;30695.64;2477332.28
0401378278;POULROC;09;Comblain-au-Pont;2025-12-31;39347.61;702678.54
0401381644;LOGICOL;52;Namur;2025-12-31;7978.34;725305.49
0401383030;Cophana;52;La Louvière;2026-01-31;1517760;29108456
0401386394;Transports DENIS-BUXANT;49;Arlon;2025-12-31;-859401;3454457
0401396787;Etablissements Robert Hanse & fils;16;Namur;2025-12-31;382495.58;2213040.92
0401397777;ETABLISSEMENTS HONTOIR;16;Gesves;2025-12-31;313005.53;691670.5
0401403420;Etablissements Latour;49;Namur;2025-12-31;615545.68;2015300.01
0401403519;Autobus Latour;49;Namur;2025-12-31;1641282.22;7401781.18
0401405497;Wilmet;49;Namur;2025-09-30;692454.93;8427013.53
0401408863;Materne - Confilux;10;Floreffe;2025-12-31;-11846909.26;147399013.58
0401410942;Pneus Mosan;22;Namur;2025-12-31;25484.3;973789.04
0401412427;Park Invest;52;Trooz;2025-12-31;297716;3893698
0401414209;PALATE;18;Eghezée;2025-12-31;-53.26;6155.14
0401417771;GOMMY STAMPS;32;Bruxelles;2025-12-31;3812.18;181476.54
0401426679;WITRANS;49;Bastogne;2025-12-31;583578.61;5158019.4
0401430738;Avient Belgium;20;Assesse;2025-12-31;2382111.88;11136833.19
0401431332;Affinerie de la Meuse;24;Andenne;2025-12-31;92062.44;1657360.43
0401441725;COMPTOIR D'ESCOMPTE DE HUY-LIEGE;50;Bruxelles;2025-06-30;69190.39;340778.42
0401451029;Transports Fossoul;49;Grâce-Hollogne;2025-12-31;263299.27;2010649.98
0401451623;Galvamétaux;25;Amay;2025-12-31;2495189;9038091
0401452019;AB LENS MOTOR;29;Grâce-Hollogne;2025-12-31;1867636.84;14477765.99
0401463006;Mélotte;28;Remicourt;2025-12-31;-21030.2;2231045.54
0401463895;ABC CONTRACTING;28;Andenne;2025-12-31;-1369013.88;33443607.37
0401464588;Moulins de Statte;10;Huy;2023-12-31;-117216.37;2870502.63
0401471023;Chantier de Waterloo;20;Waterloo;2025-12-31;-4228.59;340503.07
0401471617;Charlier-Brison;17;Gembloux;2025-12-31;-645217;700038
0401475971;IMPRIMIERIE DENEF;18;Ottignies-Louvain-la-Neuve;2025-12-31;-48776.43;143850.24
0401477159;Dick Transports;49;Tubize;2025-12-31;118043.31;449060.45
0401481713;GESSO;23;Nivelles;2025-12-31;156315.32;2211075.62
0401490720;IMPRIMERIE MALENGREAUX - LEKIME;18;Tubize;2025-12-31;-2374.44;75731.15
0401491710;Les Entreprises Melin;39;Ottignies-Louvain-la-Neuve;2025-12-31;3077250.97;19998208.33
0401492502;NEDZINK;25;Ottignies-Louvain-la-Neuve;2025-12-31;860358;4320164
0401493391;GHIANDONI;18;Court-Saint-Etienne;2023-01-31;-356256.54;4611865.08
0401496856;Pullman Bus;49;Chaumont-Gistoux;2025-07-31;1491561.85;4279013.92
0401496955;INDUSTRIELLE BORAINE;25;Uccle;2024-12-31;-1394980;595825
0401507051;VANDENSANDE;10;Incourt;2025-06-30;38344.29;317972.66
0401518236;MEUBLES AU BOSQUET;31;Châtelet;2025-09-30;12687.7;698509.24
0401531104;Maison Jacques Dolisy;49;La Louvière;2025-12-31;10920.39;367139.18
0401543376;Institut Moderne d'Orthopédie;32;Charleroi;2025-12-31;52103.32;528872.06
0401547435;Joseph Mallien et Fils;50;Charleroi;2025-12-31;569965.44;2785330.09
0401555452;Molinier - Pianetti;16;Charleroi;2025-12-31;24048.92;167224.41
0401571189;Atelier Cambier;27;Charleroi;2025-12-31;467552.54;5599199.49
0401571684;AKT - CCI HAINAUT;53;Charleroi;2025-12-31;-43062.58;2534307.6
0401574852;UMICORE;24;Bruxelles;2025-12-31;193117894.51;6261113927.52
0401575545;Aciéries Somville;24;Aiseau-Presles;2024-12-31;-64202.84;1458075.18
0401585146;Cornix;31;Charleroi;2025-12-31;-44848;3270738
0401589304;POTERIE DUBOIS;23;Châtelet;2025-12-31;514.38;88297
0401592569;ONE REFRACTORIES;08;Anhée;2025-12-31;2237428.55;11091676.18
0401598806;ELECTRICITE - AUTOMATISME - INFORMATIQUE;35;Charleroi;2025-12-31;-13522.08;278693.2
0401607615;Société Anonyme des Charbonnages du Petit-Try;09;Ferrières;2024-12-31;-42412.79;224004.85
0401613355;Pâtisserie M.Schamp;10;Charleroi;2025-12-31;588399.4;6126528
0401617216;Tapis Max;29;Charleroi;2025-12-31;7467;95651
0401623154;Ateliers Charles Webber;25;Châtelet;2025-12-31;264301.64;1167491.64
0401638101;Les Produits Purs de Courcelles;20;Seneffe;2025-12-31;1170395.19;41205759.78
0401640475;Etablissements De Ceuninck, successeurs Morsaint et Fils;16;Jemeppe-sur-Sambre;2025-12-31;-58572.37;61550.35
0401648294;Fixolite Usines;22;Pont-à-Celles;2025-12-31;493999.69;4046046.73
0401658984;LEGRAND & PARTNER;25;Pont-à-Celles;2025-12-31;-64252.01;401252.94
0401659776;FLEX MOBILIERS;31;Fleurus;2026-03-31;1354553.66;7059505.33
0401661360;Lithcote-Europe;25;Courcelles;2025-12-31;239287.61;1074748.11
0401665419;ATELIERS EMILE MEURICE;28;Charleroi;2025-12-31;254896.96;2271500.6
0401674129;Global Logistics Trazegnies;52;Courcelles;2025-12-31;419721;2229039
0401688282;Vilain - Di Valerio;25;Courcelles;2025-12-31;-6444.08;142356.95
0401688381;Villers Monopole;11;Philippeville;2025-12-31;2849359.83;10017182.78
0401702635;Calcaires de la Sambre;08;Montigny-le-Tilleul;2025-12-31;2243335.28;18038864.22
0401708870;Les Entreprises Jules Delid;08;Chimay;2025-12-31;188577.74;5535246.42
0401716491;ECHAFAUDAGES CONREUR;28;Anderlues;2025-12-31;270140.42;778777.79
0401717976;BACHES HECQ;13;Lobbes;2024-12-31;24636.34;971429.4
0401718174;Etablissements Jean Henrard;49;Philippeville;2025-12-31;522206.45;3232138.48
0401718966;ETABLISSEMENTS HUBERT -MACQ;18;Ham-sur-Heure-Nalinnes;2025-12-31;16341.28;84548.23
0401722827;ETABLISSEMENTS GEORGES LIENARD ET COMPAGNIE;49;Chimay;2025-12-31;951602.02;10630468.77
0401723223;DENIMAT;49;Gembloux;2025-12-31;161214.65;546866.38
0401728567;LES POMPES FUNEBRES MICHEL;23;Fleurus;2025-12-31;18245.32;430888.08
0401733121;DERICHEBOURG Belgium;38;Charleroi;2025-09-30;4028865.8;43026384.17
0401739158;FRIGO-WAY;49;Braine-l'Alleud;2025-12-31;385185.27;1420068.49
0401739950;SCOLAS;49;Binche;2025-12-31;92966.04;906919.27
0401744009;A la Ferme;10;Nivelles;2025-12-31;552.5;213620.39
0401765387;Etablissements Camille Goffaux;16;Manage;2025-12-31;-6259.29;207594.72
0401774691;Ateliers J. Colinet - Tron;25;La Louvière;2025-12-31;133586.6;1002372.86
0401781621;Mobilière et Immobilière du Centre;52;Bruxelles;2025-12-31;-103018.51;338926445.12
0401782512;NEXANS BENELUX;27;Charleroi;2025-12-31;21742541;196857204
0401783304;Etablissements Socoarc;09;Morlanwelz;2025-12-31;-101901.95;1209756.19
0401788252;Ateliers de Constructions Métalliques Ursmar Vandenhende;25;Manage;2025-12-31;79316.19;546501.26
0401807256;Carrières de la Thure;08;Erquelinnes;2025-12-31;688159.82;3618503.67
0401812602;PETROMA TRANSPORTS;49;Seneffe;2025-06-30;-49481.21;326914.59
0401819926;Transports Jean-Marie Dumont;49;La Louvière;2025-12-31;20028.7;2027232.48
0401823191;Les Etablissements J.D.V.;31;Saint-Gilles;2025-12-31;5126.5;222300.05
0401827349;BINWEY;18;Jette;2025-12-31;636061.2;10963754.84
0401832594;POP FACTORY;17;Nivelles;2025-12-31;1519048.05;20348886.84
0401840712;CREDECO;18;Forest;2026-03-31;25029;370116
0401841009;CYKLOP Belgium;25;Anderlecht;2025-12-31;349870.98;1654413.25
0401846254;Belex Air Freight;52;Bruxelles;2024-12-31;152344.2;2563544.42
0401873374;Le Chimiste;52;Wavre;2025-12-31;966348.15;5207862.68
0401876641;Etablissements Corado;49;Rixensart;2024-12-31;33949.14;101938.52
0401882084;DRUGMAND & MEERT;22;Molenbeek-Saint-Jean;2025-12-31;44752.82;4180286.26
0401885648;ENDRESS + HAUSER;27;Evere;2025-12-31;3788349;35620962
0401888816;ATELIERS FERRARI;25;Ath;2025-12-31;263071.61;4564670.79
0401889113;Fesial;25;Wavre;2025-12-31;-21660;256035
0401889806;FISCHBEIN;28;Anderlecht;2025-12-31;2170612;8137235
0401891982;Aisin Europe;29;Braine-l'Alleud;2026-03-31;12904271.07;904987750.06
0401893269;Isolants Victor Hallet;22;Ganshoren;2025-12-31;1007736;7228198
0401895348;PRESTO PACK;17;Bruxelles;2025-12-31;40242.59;100394.79
0401897229;MANEF;25;Charleroi;2025-12-31;69743.45;716925.42
0401898417;BROCAL;22;Molenbeek-Saint-Jean;2025-12-31;-29898.66;1029945.06
0401902177;TEIN TECHNOLOGY;26;Schaerbeek;2025-12-31;554538.91;10703493.27
0401906731;Ateliers de Métallisation de la Senne;25;Anderlecht;2024-12-31;23247.35;187099.46
0401909503;Ateliers de Décolletage et de Constructions Oudaert;25;Anderlecht;2025-12-31;-76921.13;620643.78
0401913461;TECSI;28;Berchem-Sainte-Agathe;2025-12-31;130403.84;2142674.15
0401914352;Le Ressort Industriel;25;Nivelles;2025-12-31;12123.51;110277.66
0401916530;Shur-Lok International;30;Verviers;2025-12-31;6846931;18981685
0401918312;voestalpine Böhler Welding Belgium;25;Seneffe;2026-03-31;1965570;17583689
0401923161;TREBLA;25;Anderlecht;2025-12-31;68425.31;876108.52
0401927814;Voets et Fils;25;Anderlecht;2025-12-31;15274.57;94784.93
0401934742;OCTA+ ENERGIE;35;Woluwe-Saint-Pierre;2025-12-31;13535750.52;71165710.82
0401947016;Copeland Belgium;28;Welkenraedt;2025-09-30;175329.7;975614.38
0401952855;Etablissements A. Dewitte;10;Anderlecht;2025-12-31;21997.15;595760.16
0401962951;Frigo-Central;52;Molenbeek-Saint-Jean;2025-12-31;50689.66;200734.17
0401976413;Imonet;53;Bruxelles;2025-12-31;14649.08;76182.24
0401980866;M. Van Engelandt;10;Anderlecht;2025-12-31;495927.75;3733100.71
0401981955;Besins Manufacturing Belgium;21;Ixelles;2024-12-31;4087698.02;23954980.93
0401983935;USINES LIGOT;13;Auderghem;2025-12-31;-50634;74585
0401994229;Dehon Service Belgium;35;Jette;2025-12-31;416476.89;8049538.98
0402011550;Etablissements Belge de Time Limit;26;Rixensart;2025-12-31;-2535.36;227249.4
0402018775;Will - Pharma;21;Wavre;2025-12-31;929416.87;9729558.09
0402026495;BPP INVESTMENT;17;Braine-l'Alleud;2025-12-31;425347.14;984022.45
0402031346;CEGELEC;27;Bruxelles;2025-12-31;9996498;101664135
0402035009;MSP Bois;16;Etalle;2025-12-31;2763425.16;15262339.83
0402037086;Fabima;25;Schaerbeek;2025-12-31;-120241.39;611246.39
0402039957;FREESTEEL;25;Wavre;2025-12-31;23938.13;2295617.41
0402043224;IGM;16;Anderlecht;2025-06-30;135137.83;1020032.07
0402048271;Transports Hutois;49;Huy;2025-12-31;319.97;42820.73
0402065295;SALAISONS DU HAINAUT;10;Chimay;2025-12-31;-11977.87;5222651.58
0402065988;Brasserie Cantillon;11;Anderlecht;2025-12-31;792384.99;4419032.12
0402116072;L'Equipement sous-marin - Anciens Etablissements E. Xhignesse;52;Waterloo;2025-12-31;29922.81;266633.62
0402133096;LE CONDITIONNEMENT BELGE;20;Seneffe;2025-12-31;-168125.77;6975799.4
0402138739;GOMEZ ET COMPAGNIE;25;Perwez;2026-03-31;43554.25;760168.42
0402138937;PIERRE GRANDJEAN;13;Dinant;2025-12-31;4960;98391
0402154872;E. Fischer et Cie;14;Etterbeek;2025-05-31;-12136.28;116021.11
0402163582;Les Ateliers M. Moureau;20;Anderlecht;2024-12-31;-20757.27;18277.23
0402184269;RECKITT BENCKISER (BELGIUM)SA/NV ou RECKITT BENCKISER HEALTHCARE (BELGIUM) NV/SA;10;Anderlecht;2023-12-31;4876577;139944212
0402207728;DIDDEN;10;Molenbeek-Saint-Jean;2025-12-31;1034311.77;9950313.36
0402210005;Eclairbel-Neoray;27;Molenbeek-Saint-Jean;2025-06-30;152711;2502739
0402212181;Etna Chocolade;10;Anderlecht;2025-12-31;1298228.23;2633620.61
0402223465;Suikerbakkerij Joris;10;Berchem-Sainte-Agathe;2024-12-31;1170180.66;5738357.13
0402226831;MACQ;33;Evere;2025-12-31;1793813.77;19055797.55
0402231383;Nestlé Belgilux;10;Anderlecht;2025-12-31;16748148.72;95517522.94
0402237323;Sopralex et Vosmarques-Sopralex en Uwmerken;10;Waterloo;2025-12-31;1553046.18;16616133.85
0402261473;SIMAC TRADING;22;Verviers;2025-12-31;44644.91;636328.6
0402274341;Durechain;22;Verviers;2025-12-31;1516368.32;21650522
0402294434;X - PACK;22;Verviers;2025-12-31;648085.55;5768082.12
0402294533;PACARBEL;17;Verviers;2025-12-31;-62772.62;2903075.24
0402301362;SCHOONBROODT HYDRAULICS S.A;28;Verviers;2025-12-31;388083.2;2105208.71
0402305916;DEPAIRON BÂTI;13;Verviers;2025-12-31;498054.03;6074631.94
0402307894;PHARMACIES POPULAIRES DE VERVIERS ET ARRONDISSEMENT;21;Thimister-Clermont;2025-12-31;4658686.41;73767646.36
0402315814;BEMELMANS - BALANCIER D. et FILS, CONSTRUCTEURS;25;Thimister-Clermont;2025-12-31;82884.94;2380962.85
0402316705;Les Autobus Blaise;49;Sankt Vith;2025-12-31;837742.87;2639674.31
0402317495;Boreta;23;Malmedy;2025-12-31;1593567.06;10454327.07
0402321455;CENTRALE ELECTRIQUE LA FENDERIE;35;Amay;2025-12-31;-6339.79;1095432.15
0402321653;Ateliers Pierre Cerfontaine;25;Pepinster;2026-03-31;2026672.04;9674530.76
0402321950;LHOIST INDUSTRIE;23;Marche-en-Famenne;2025-12-31;4102201.58;1336986437.37
0402322148;CHAUX ET DOLOMIES;08;Eupen;2025-12-31;703349.91;3074710.99
0402326405;MAGEGROUP;49;Wavre;2025-12-31;35341.78;23447080.22
0402326702;PARTNER LOGISTIC;52;La Louvière;2025-12-31;53831.27;353574.34
0402327393;DETRY;10;Aubel;2025-12-31;869767.35;41723156.28
0402330363;Envemat;23;Limbourg;2025-12-31;1100494.67;7288483.56
0402333630;HEIMBACH SPECIALITIES AG;13;Kelmis;2025-12-31;1381031.57;10180857.29
0402335016;Garage du Perron;49;Verviers;2025-12-31;173243.54;7999093.95
0402335214;GARSOU-ANGENOT;49;Thimister-Clermont;2025-12-31;2307035.89;17659091.32
0402335313;MFT GASPAR;31;Stavelot;2025-12-31;42796.43;481249.45
0402335808;ATELIERS HUBERT GERKEN;29;Verviers;2025-12-31;1664616.8;27692511.55
0402336796;AUTOBUS F.GOHY ET CIE S.A.;49;Theux;2025-12-31;1121822.19;4830988.02
0402337093;Grenz-Echo;18;Eupen;2025-12-31;-43521.81;5210526.25
0402337885;HAMMES;49;Sankt Vith;2025-12-31;129112.85;704987.49
0402355010;PONCELET SIGNALISATION;26;Flémalle;2025-12-31;1113998.72;5814482.45
0402362532;SOCIETE INTERNATIONALE DE MOTEURS ELECTRIQUES;33;Soumagne;2024-12-31;41439.17;727993.03
0402388167;Transports Coutrez by Berben;49;Grâce-Hollogne;2025-12-31;601411.23;2806873.74
0402389652;DALEM;52;Eupen;2025-12-31;70492.94;905733.39
0402391137;COMPAGNIE ARDENNAISE DELCOURT;52;Uccle;2024-12-31;-13973.76;5301827.41
0402392127;Pompes Funèbres Lucien Derwa;16;Liège;2025-12-31;14053.72;177759.54
0402393018;SOCIETE DE DIFFUSION BELGE;49;Honnelles;2025-12-31;34176.65;153794.12
0402402520;TOUSSAINT GERMAY ET CIE, ENTREPRISES DE TRANSPORTS;49;Liège;2025-12-31;56531.78;705538.4
0402412022;LEFEBVRE;18;Grâce-Hollogne;2025-09-30;109573.24;850045.46
0402414297;EUROPORTS INLAND TERMINALS;52;Liège;2025-12-31;1767609.76;10229900.41
0402437261;LABORATOIRES LOHMANN & RAUSCHER;21;Liège;2025-12-31;487236.95;4028433.89
0402440231;Unitax;52;Liège;2024-12-31;206.92;445981.19
0402453295;BERNARD JOSKIN;49;Sprimont;2025-12-31;45738.23;327561.71
0402458344;Henkens Frères;25;Welkenraedt;2025-12-31;750127.65;12958750.79
0402459235;HEXCEL COMPOSITES;25;Welkenraedt;2025-12-31;963086.09;37243862.36
0402461116;SATRACOM;49;Waimes;2025-12-31;2762757.44;13339838.65
0402465965;Cafés Liégeois;10;Thimister-Clermont;2025-12-31;1131861.96;37932695.85
0402468044;Etablissements Marechal et Fils, Abreuvoirs et Decolletages;28;Theux;2025-12-31;-13028.24;206553.81
0402468242;Ateliers Joseph Martin;25;Herve;2025-12-31;503618.94;1604660.09
0402469331;GXO Logistics Chemicals Belgium;52;Welkenraedt;2025-12-31;702903.49;10432643.46
0402469826;NMC;22;Raeren;2025-12-31;20017398.63;90912873.15
0402476457;Maschinenfabrik R. Weisshaupt - Atelier de Construction R. Weisshaupt;28;Raeren;2025-12-31;174656.6;2632243.18
0402476754;WARNY & Cie SPRL;29;Sankt Vith;2025-12-31;163328.19;3072453.69
0402477150;AUTOBUS - AUTOCARS - VOYAGES - WERGIFOSSE;49;Waimes;2025-12-31;991105.83;3327319.92
0402490018;Cogetrina;49;Tournai;2025-12-31;1446378.42;9814803.31
0402500015;UNION INDUSTRIELLE DE TOURNAI;25;Tournai;2025-12-31;46864.6;1679682.29
0402501993;Maison Jacques Lambert;13;Tournai;2025-12-31;-35525.47;365758.25
0402505656;Marquette et fils;10;Tournai;2025-06-30;15461.84;1515724.34
0402508428;NEU-JKF Benelux;28;Bruxelles;2025-12-31;1160088.2;2702489.02
0402517435;Tournai-Béton;23;Tournai;2025-12-31;285148.39;3818525.09
0402521195;A. Reheul et fils;49;Pecq;2025-06-30;458404.34;3303704.88
0402521492;Couperie de Poils du Hainaut Lucien Waignier;14;Bernissart;2025-12-31;580044.25;4629498.78
0402527729;Compagnie des Bateaux de Dinant;50;Dinant;2026-03-31;-1592.03;29195.21
0402528323;DE GRAEVE ENTREPRISES GENERALES;25;Namur;2025-12-31;1853948.12;18066892.2
0402530105;Brasserie du Bocq;11;Yvoir;2025-12-31;3268631.21;33646483.84
0402532380;BRICOMAT SOMBREFFE;49;Sombreffe;2025-12-31;575089.56;5435617.13
0402539706;Etablissements Demlenne et fils;25;Beauraing;2025-12-31;383325.68;2724307.22
0402539805;Transports Denis et Cie;49;Gembloux;2025-12-31;274060.19;2911886.83
0402541189;DOLOMIE DE VILLERS-LE-GAMBON;08;Ottignies-Louvain-la-Neuve;2025-12-31;-672473.68;6511819.15
0402544258;PALATE;14;Fosses-la-Ville;2025-12-31;12601;454822
0402545050;ETABLISSEMENTS FERY MATERIAUX;23;Couvin;2025-12-31;36032.16;1984358.89
0402546535;Eternum;25;Gembloux;2025-06-30;1283651.24;15118802.49
0402549406;Les Carrières de Marbre Noir de Golzinne;23;Merbes-le-Château;2025-12-31;2603.03;240509.63
0402557522;SCIERIE SAINT JOSEPH – ETABLISSEMENTS LAPOTRE ET FILS;16;Viroinval;2025-12-31;124085.1;1722772.15
0402563262;Serge Michaux et Compagnie;49;Dinant;2025-12-31;33204;281470
0402565440;Scierie du Fourneau;16;Viroinval;2024-12-31;145445.24;2547611.18
0402567222;Paquet et Compagnie;49;Ciney;2025-12-31;702514;2493269.65
0402569893;REMACLE;23;Floreffe;2025-12-31;1945864.93;20031019.27
0402570784;Robinetterie et Ateliers de Ligny;28;Sombreffe;2025-12-31;22668.52;307878.23
0402570982;ENTREPRISE ROSE;25;Florennes;2025-12-31;363472.99;3912789.9
0402573160;Les Sarcelles;50;Dinant;2025-03-31;-21594.05;222025.1
0402576427;Sud agricole belge;25;Walhain;2024-12-31;30657.56;118855.35
0402582662;ATELIER 85;17;Florennes;2025-12-31;1867208.73;16828559.11
0402583751;Accinauto;29;Berchem-Sainte-Agathe;2025-11-30;-1972.29;518274.8
0402588008;Autographe;29;Wavre;2025-12-31;3333132.87;19391635.09
0402590580;Meubles Baeten;31;Anderlecht;2025-12-31;32858.02;41401.66
0402606715;TRANSPORTS VANDEVELDE;49;Charleroi;2025-12-31;109126;467168
0402607507;Scania Belgium;28;Bruxelles;2025-12-31;28358170.38;89257884.52
0402617603;Le Fermoir;25;Molenbeek-Saint-Jean;2025-12-31;80287.71;1480151.01
0402618888;Formic;15;Lasne;2025-12-31;123159.85;1050120.25
0402619482;DEPANNAGE R. LA FRANCE;52;Forest;2025-12-31;308695.74;7056307.35
0402634627;Etablissements H. LEGRAIN;16;Molenbeek-Saint-Jean;2025-12-31;72018.24;290118.9
0402641357;Transports Patar J;49;Schaerbeek;2025-12-31;368979.41;1702616.81
0402653631;Sandermans Transports;49;Mons;2025-06-30;511609.91;3931143.5
0402654324;Magasins Eugène Schmidt et Cie;16;Jette;2025-12-31;541759.81;5370664.1
0402656502;SOBELTAX LOCATION;49;Charleroi;2024-12-31;481639.95;12217602.22
0402673526;APOLLON ENTREPRISES;14;Anderlecht;2025-12-31;-25103.64;1309669.01
0402678375;L.T.B.;13;Gembloux;2025-12-31;-22205.03;417688.16
0402678672;BK Archi;33;Berchem-Sainte-Agathe;2025-12-31;-525.15;22234.81
0402681048;PHILIPPE LOZET INVEST;18;Jodoigne;2025-12-31;29484.52;575407.74
0402681147;Mavane;17;Waterloo;2025-12-31;715746;9370109
0402682929;AUTAJON PACKAGING BELGIUM;17;Anderlecht;2025-12-31;796911.56;27612337.25
0402690550;Label-Pak-Int'l Co;17;Wavre;2023-12-31;-47246.49;3131593.87
0402691639;COVER NEW;23;Anderlecht;2025-12-31;15711.17;85251.7
0402699953;RED Reflexion;38;Molenbeek-Saint-Jean;2025-12-31;-21572.81;2215396.14
0402710346;THILL;17;Forest;2025-12-31;24039.76;670380.9
0402712425;Turbel;17;Bruxelles;2025-03-31;-309781.72;5521577.09
0402728558;Hoviplast;25;Silly;2025-12-31;834052.98;18665758.06
0402733607;SAINT-GOBAIN INNOVATIVE MATERIALS BELGIUM;23;Wavre;2025-12-31;6761957;180523073
0402755381;Groep Terryn Construct;16;Auderghem;2025-12-31;2620971.64;5873501.31
0402780424;A. Arteaga;25;Anderlecht;2025-12-31;3489.7;179329.5
0402787946;Citrus Fruit Company;51;Bruxelles;2026-06-30;180706.23;1708727.9
0402791015;S.A. CORMAN;10;Limbourg;2025-12-31;-2907568.57;140732756.4
0402797745;IPM Printing;18;Bruxelles;2024-12-31;-148659.07;656338.21
0402798933;Société d'Etudes Techniques au Hainaut;20;Waterloo;2025-12-31;-4448.73;1894061.36
0402801507;MONDELEZ NAMUR PRODUCTION;10;Namur;2025-12-31;4440801.57;31451965.61
0402809623;Flandre Parking;52;Bruxelles;2025-12-31;5404.54;133699.68
0402811207;ALVI;20;Lasne;2024-12-31;8049.39;35299.44
0402820709;PAULISTA;10;Berchem-Sainte-Agathe;2025-12-31;322197.59;2547045.43
0402828726;SOALI;18;Ottignies-Louvain-la-Neuve;2025-12-31;67979.8;738040.01
0402838921;Pâtisserie Wittamer et Co;10;Bruxelles;2025-06-30;4566.29;2452180.4
0402901574;FLY W;32;Waterloo;2025-12-31;2562.27;25727.68
0402903851;WILO;28;Ganshoren;2025-12-31;979049.1;6047171.94
0402906326;De Vos Office;25;Braine-le-Château;2025-12-31;8483.25;536910.25
0402917808;Ateliers Legrand;25;Forest;2024-12-31;-186756.79;1062256.51
0402935723;Robinetterie R.V.B.;28;Anderlecht;2025-12-31;315160.86;4916557.08
0402937802;PRINTEMPS INVEST;28;Woluwe-Saint-Pierre;2025-12-31;-1895;27625173
0402942057;GILOPS GROUP;19;Liège;2025-12-31;3858400.44;28713046.01
0402946908;Magemar;52;Grâce-Hollogne;2025-12-31;-401793.58;1236534.09
0402954628;FLUXYS BELGIUM;35;Bruxelles;2025-12-31;223286065;2271945440
0402958982;FIB  BELGIUM SA;28;Tubize;2025-06-30;299348;10678604
0402969474;IMTECH BELGIUM OU EN FRANCAIS IMTECH BELGIQUE OU EN NEERLANDAIS IMTECH BELGIE;33;Anderlecht;2025-12-31;10244353.13;99237893.76
0402975612;Savonneries bruxelloises;20;Bruxelles;2025-12-31;670190.49;2057837.06
0403014511;Pianos Hanlet;32;Saint-Gilles;2024-12-31;-14688.62;1790613.52
0403026585;Essilor Group Belgium;26;Berchem-Sainte-Agathe;2023-12-31;220270;12834200
0403044797;Société Anonyme Belge Akileine;20;Braine-le-Château;2024-12-31;33697.78;874847.47
0403045490;yara tertre sa/nv;20;Saint-Ghislain;2025-12-31;-5608573.27;277727787.47
0403045985;Vibrantz Minerals;20;Saint-Ghislain;2025-12-31;1661896.08;35449266.94
0403047074;SOCIETE DE GESTION D'ACTIFS;20;Saint-Ghislain;2025-12-31;133523.94;1038852.41
0403051826;Centradro;52;Court-Saint-Etienne;2025-12-31;75622.96;335274.42
0403053608;U C B;21;Anderlecht;2025-12-31;-47042516;12509165232
0403054004;Arysta LifeScience Ougrée Production;20;Seraing;2025-03-31;3974848;28250137
0403063902;TotalEnergies Marketing Belgium;19;Bruxelles;2025-12-31;100510911;852246358
0403064593;Floridienne;20;Waterloo;2025-12-31;-263083.22;826606953.13
0403066771;BOYD Nivelles;23;Nivelles;2025-12-31;3492858.01;9266880.78
0403072909;Lambiotte et Compagnie;20;Uccle;2025-12-31;3123173.7;31976230.08
0403079441;TotalEnergies Petrochemicals & Refining;19;Bruxelles;2025-12-31;-41070312.74;6330303924.88
0403086171;PUGH & CO INTERNATIONAL;20;Mont-Saint-Guibert;2025-12-31;658551.15;8339784.83
0403088151;ROCHE;21;Anderlecht;2025-12-31;13168697.31;164732036.4
0403091220;SOLVAY;20;Bruxelles;2025-12-31;7074111.65;4879966599.32
0403093693;BAXTER;21;Lessines;2025-12-31;15047063;159990639
0403096168;UCB PHARMA;21;Anderlecht;2025-12-31;410518420;20742385083
0403102997;Adora;32;Theux;2025-12-31;24707.65;64720.03
0403111313;Les Entreprises Electriques Charles Debeur;26;Ixelles;2025-12-31;115882.58;2005614.14
